Date,BNB-USD,BTC-USD,DOGE-USD,ETH-USD,SOL-USD
2023-01-01,0.07138436044414737,0.0,0.03011235781656571,0.0,0.0
2023-01-02,0.07395099316060139,0.0007081523287675306,0.03311431949954244,0.0047781772644422404,0.005224117563750144
2023-01-03,0.07504715921658689,0.0006119312365237273,0.030705911051348123,0.00482082016309604,0.013606209053638255
2023-01-04,0.0988733943742871,0.0026605241099619814,0.037469469725381926,0.019390037000063087,0.01397477771603553
2023-01-05,0.09392545953237957,0.0023644642458676146,0.03334879259097062,0.017265432320181795,0.01391089932579273
2023-01-06,0.10024478475657567,0.003651754091965581,0.035595996239112915,0.023875294613013298,0.014341976177312796
2023-01-07,0.10284215659522283,0.0036864896880771936,0.03499023162243456,0.022092472126837737,0.01258721170915364
2023-01-08,0.1268810460080953,0.005206521119427904,0.03835857115985347,0.030150148159577617,0.01755583115081845
2023-01-09,0.12379224015216367,0.006384084010221086,0.0436907593288407,0.042078146498506774,0.025579551362419344
2023-01-10,0.13221011237052865,0.009173972033088618,0.04844162384372244,0.04732931487558961,0.025151600885285792
2023-01-11,0.14644176603479858,0.01463228258664201,0.049477280059727013,0.0652483635734391,0.025810046208855554
2023-01-12,0.15151629678796047,0.025073951145911377,0.05468735440975386,0.0757198151112971,0.02686081678043859
2023-01-13,0.16237902104742413,0.036691895284308995,0.06482902536647991,0.08747225762070349,0.03361723604627997
2023-01-14,0.18349315857162524,0.048608539366656184,0.07187592085830696,0.12205356101431991,0.057742718400978534
2023-01-15,0.17767624162327428,0.04754168527904781,0.06896433432062946,0.12267215994673936,0.05217314032724101
2023-01-16,0.17204107183455702,0.05076832105779838,0.06287005400815779,0.13117126027103837,0.055023421117924874
2023-01-17,0.17355523956036562,0.05067768558904992,0.06127260142981272,0.12803481330461847,0.05221667798536419
2023-01-18,0.15000946389823072,0.04539660948726443,0.05445530175616797,0.10976942418113916,0.04398695671974285
2023-01-19,0.16443243920281753,0.04984289670259917,0.058043482565276805,0.12269904073500165,0.04631868393162792
2023-01-20,0.18300155658099554,0.06760249570021537,0.06962871721016495,0.1601090465397183,0.0629992885028049
2023-01-21,0.17252164357551075,0.06873159894341824,0.06562775165565246,0.1487196863731955,0.05927410148936115
2023-01-22,0.1794665575287851,0.06809250324888011,0.07427209972582455,0.14916076986236776,0.05767525818921639
2023-01-23,0.18397563401049272,0.0704833246556163,0.0750073304688938,0.14911505974223233,0.05818122907603985
2023-01-24,0.17500065019682415,0.06715470761039238,0.06363702342488842,0.12411162402817005,0.05185894356111868
2023-01-25,0.18728465292213575,0.07253244118125723,0.07009526115396,0.14334288971626236,0.059045868439703324
2023-01-26,0.18280592362481557,0.07158196879569617,0.06955544891878854,0.14033986688429173,0.05815245099279814
2023-01-27,0.18878079150888022,0.07209530068622222,0.0713873927873428,0.13861259518717167,0.058383794977956614
2023-01-28,0.18533375449850115,0.07156311731639942,0.07301172496488365,0.12963628632069485,0.05665945669410465
2023-01-29,0.205684229203773,0.07986867762785638,0.07898387325961417,0.15536341590321961,0.06536332930279345
2023-01-30,0.1868465784375472,0.06942995461222712,0.07435270212585071,0.1278535064348177,0.05651585961672744
2023-01-31,0.19655622167252013,0.07277177205672714,0.09347825580555663,0.13455704678373287,0.05654105587844977
2023-02-01,0.20593445349718115,0.07930121319087752,0.08860283883509165,0.1538408386396975,0.0607534400935121
2023-02-02,0.21671744640873408,0.0764871935290028,0.08080606258167611,0.15434646158087834,0.057805855724700074
2023-02-03,0.23308107376289106,0.07623529500066839,0.08571079778796015,0.16185097273947263,0.05948884095277796
2023-02-04,0.2300508906044753,0.0749229571242086,0.09253785200809722,0.16265837619420348,0.058019089896745625
2023-02-05,0.22500956258257115,0.07072053910343368,0.08353200335672886,0.1502997740394974,0.05468294736807002
2023-02-06,0.21906106651372131,0.06853592757034738,0.07731313419111241,0.14492587420285258,0.05149758871813916
2023-02-07,0.23484093050178428,0.07416826520592723,0.0847068802456167,0.16438385867879263,0.05617198931198352
2023-02-08,0.22541191473572203,0.07053880997025941,0.07879578886036612,0.1569551760512709,0.05346567613193753
2023-02-09,0.18481286915467104,0.058022998673828985,0.05760380002189694,0.12056387118112816,0.04237411806956664
2023-02-10,0.18480133498495926,0.056147843773689116,0.05665120304132215,0.10954683762223189,0.04107084451975499
2023-02-11,0.1933545937196502,0.05860207073463408,0.05978261265190901,0.11829148606625178,0.04390383375827644
2023-02-12,0.19759944812917313,0.057678522799827825,0.05922569356281471,0.1096042628244151,0.046574521709202156
2023-02-13,0.16374100492237492,0.057900813159868586,0.05925501179863349,0.10685854579451132,0.043741964759484754
2023-02-14,0.16675914999104285,0.06251122170306228,0.0626209126994296,0.12420615409022079,0.047930233434834886
2023-02-15,0.2053778458219136,0.08582602873057082,0.07668294681064197,0.16499193533751827,0.05626323312741192
2023-02-16,0.18261723356690868,0.07818079384670262,0.06630922320033003,0.1532388112233382,0.0497959919131579
2023-02-17,0.19842201360119366,0.08870552673662324,0.0729579839652727,0.17233358555549977,0.05336079978029539
2023-02-18,0.20448523546489544,0.08955091958017841,0.07579384537617043,0.1712992503114294,0.05462285922430569
2023-02-19,0.1957760974657497,0.08604722814852267,0.0710039080789775,0.16767566893331493,0.06013580746471136
2023-02-20,0.20209043948070143,0.09164967397086576,0.07403760843561533,0.17508769484417958,0.06556164179165602
2023-02-21,0.19492508850725526,0.08726166488192177,0.06721055421547825,0.15950957514126046,0.06057212581798064
2023-02-22,0.19732693937195273,0.08449667215752366,0.06750610241516766,0.1543430109567115,0.05746706481340392
2023-02-23,0.18953454390043573,0.08180047424125358,0.06447240205852958,0.1570797819239606,0.05633162739176855
2023-02-24,0.1776451665543905,0.073429130121834,0.0561870977341499,0.14217802715803102,0.05290054343450128
2023-02-25,0.17825227821548367,0.07317496243395466,0.055908638189602844,0.1374813442643426,0.050756993082912115
2023-02-26,0.1903842650632827,0.07748525280848312,0.05936737107110179,0.15350037705524072,0.053722339889905234
2023-02-27,0.18278621475229823,0.07705692712552664,0.05729604044031161,0.1512352339910848,0.05144173854854318
2023-02-28,0.17658307109194687,0.07286192751095649,0.055818263044303845,0.14131324110141535,0.04830028808999611
2023-03-01,0.1792115739905929,0.07843858346231725,0.058786029218215324,0.1613931473330466,0.05068832091861001
2023-03-02,0.1737784201451777,0.07652736201671728,0.05525890531858643,0.15576952454744214,0.04857748556615666
2023-03-03,0.15604894552912768,0.06409614236986266,0.04611627463095788,0.12849600413461454,0.0462077400978431
2023-03-04,0.15461977231604979,0.06399191376268609,0.04069125448126781,0.12771301065084134,0.04445726378023134
2023-03-05,0.1531443504418945,0.06490978879862991,0.041275034970777114,0.12685619085001826,0.044504800109792096
2023-03-06,0.15196142615305236,0.06484548867190826,0.04129945773456922,0.12787868321114576,0.04311428913543256
2023-03-07,0.15432587495285893,0.06249965771691959,0.03945040701209232,0.1259712974525788,0.04153474444261188
2023-03-08,0.14978186001532529,0.05689516092344932,0.03232290912023891,0.116253956396209,0.03415450155474021
2023-03-09,0.132221982486931,0.04175746668584687,0.019760618333422797,0.08295151395922312,0.029649766597046427
2023-03-10,0.13244852253864953,0.03979381456345288,0.01938446773370725,0.07963525113344483,0.03343591405130559
2023-03-11,0.13344264478735451,0.04476687407584931,0.021243273002676505,0.09829132759314191,0.033363876209886144
2023-03-12,0.15493517026744125,0.06187607521888608,0.032007815430003805,0.13586836916771022,0.041801049784798726
2023-03-13,0.19022855377217324,0.08459374418459681,0.03699071439969065,0.16728229777830067,0.04229958684808093
2023-03-14,0.19106993225886942,0.09072163135465311,0.04125548948023114,0.17537801587747198,0.04430021171382776
2023-03-15,0.18694943411599668,0.08658700447528445,0.02923546776399011,0.15886192280536254,0.03767471420007313
2023-03-16,0.2286634307721514,0.09414801862988714,0.036201760855791215,0.16620272101737693,0.03945371385930991
2023-03-17,0.2455800263790941,0.1206366162013584,0.04546164628791474,0.20642971415114603,0.047137585595933264
2023-03-18,0.23171533848322817,0.11551961778974829,0.037012698526859705,0.19567220160983118,0.045384330278866854
2023-03-19,0.24172179061937732,0.12750409665118523,0.0413190032251152,0.2040187502657193,0.048247734122531104
2023-03-20,0.23428157926187637,0.12447177947731525,0.03319492189956835,0.18648059083546592,0.04935287273066761
2023-03-21,0.23865963653423622,0.1290361284455142,0.04640205008537415,0.21141164864262235,0.05114094273534669
2023-03-22,0.21403496807512595,0.1193352532023132,0.03933073182975502,0.18731666429098998,0.04653610204174131
2023-03-23,0.22861964572013854,0.13080293097738133,0.04766732031834178,0.21477737041479145,0.049516030876428536
2023-03-24,0.21490025476797242,0.12141140327291788,0.040994136789607005,0.19231678910986422,0.04329173597005625
2023-03-25,0.21547584343126097,0.12142728738973274,0.03944063426681921,0.18942721087241404,0.04235193239058684
2023-03-26,0.2268784900136907,0.12700869984860125,0.0403517380272406,0.20056390866939072,0.04449239496500416
2023-03-27,0.19396573674103096,0.1174635238603326,0.03663409109174057,0.17954965009392937,0.04022726379640359
2023-03-28,0.19820667177249646,0.11889614901151807,0.03890082203164799,0.1995549632031403,0.04244927456592965
2023-03-29,0.19927291057745794,0.13096456495727749,0.043307274620475344,0.2066100412140846,0.045042605979257404
2023-03-30,0.2042739809876009,0.12744697492340878,0.0399316009744064,0.20651768376725005,0.042774463818783796
2023-03-31,0.20514077944055525,0.1324173070805829,0.04674646201142832,0.2167375805433191,0.04528150729904402
2023-04-01,0.20179665409974085,0.13166381519859932,0.06388372609699333,0.2138893671955721,0.04449288900935166
2023-04-02,0.19943226129104924,0.1292985654744277,0.05176355649018019,0.20755448982862496,0.04271751748829181
2023-04-03,0.18958672761971435,0.1247285436073663,0.09326331000589363,0.21264577928597977,0.042337381240664475
2023-04-04,0.19404961143145966,0.12894981310743792,0.09101612455653216,0.2338317596641119,0.044286393910983705
2023-04-05,0.19967912611755118,0.12906034735988853,0.08529555620715293,0.24713106160710302,0.04445389810311403
2023-04-06,0.19672794642254993,0.1275651457704819,0.06720811557885517,0.23450092515067938,0.043013581282972425
2023-04-07,0.19350772941946476,0.12624379671236746,0.059987785706299146,0.23195807074154412,0.04244620994708658
2023-04-08,0.19338891627321014,0.12648884412438338,0.05742061109467558,0.22632622609835712,0.04069178127469487
2023-04-09,0.1974941288416589,0.1307926324840618,0.062024920828024105,0.22977753186992217,0.04175626157692094
2023-04-10,0.20759755758917148,0.14553789303343362,0.06584025881869235,0.24786165672389898,0.044115346494548686
2023-04-11,0.21563217062463663,0.15204043153567093,0.06433805865889272,0.24122478584191004,0.052762095225558116
2023-04-12,0.20865198226884568,0.1509679263680419,0.062374210027324406,0.25116812148105555,0.05667363731076639
2023-04-13,0.21964986908017486,0.1538726033175069,0.07226917831194513,0.2832578612247569,0.058482750516871705
2023-04-14,0.22740295878888755,0.15484039986344023,0.07544699481349318,0.3143175257542233,0.059860478093739754
2023-04-15,0.23517010226749174,0.15297253245645442,0.07590864328526153,0.3111178173447455,0.05705436795549935
2023-04-16,0.26234891742438743,0.1529374477588744,0.0795676537491237,0.3207284446537349,0.062245114367464625
2023-04-17,0.24725505657860186,0.1432149936811543,0.08195407807014898,0.3054559820915161,0.0589948737997101
2023-04-18,0.253124941121843,0.15385569371512842,0.0881582790184656,0.3153302200467291,0.06018412345800799
2023-04-19,0.21553905740021556,0.13626239792954903,0.07320712527400092,0.25665457130595554,0.05152368043524134
2023-04-20,0.2067001319962543,0.12982003579293716,0.0636052665524463,0.25899072906747006,0.04937301275727104
2023-04-21,0.21364465401172278,0.11899422470531307,0.05027356771227648,0.22650131332459794,0.04571714634133548
2023-04-22,0.23257911341596665,0.12503328737048852,0.05490473884604016,0.23495670574278432,0.04789516400560553
2023-04-23,0.2300540820980364,0.12250729823893364,0.051106489510514,0.23071077660599498,0.046534697103128124
2023-04-24,0.23120453154011705,0.12176949410418891,0.05101855300183808,0.2239738376231692,0.04617421455719966
2023-04-25,0.24419374236018737,0.13050828933800257,0.053615045849280424,0.23234807647298833,0.04834426575636629
2023-04-26,0.23042642301349053,0.13179413914054317,0.05062529554819967,0.23228196080994074,0.04573688495690658
2023-04-27,0.2311113623245809,0.1435360797567688,0.054452863119544864,0.24701672240631706,0.05001520093403098
2023-04-28,0.2188281994659959,0.14204443463857208,0.054877859246844185,0.24133754883165698,0.054168338424608296
2023-04-29,0.21448816016079303,0.14101921090107739,0.05797019607511991,0.2470623047255573,0.05342652311739838
2023-04-30,0.24294609234228276,0.14124619231210056,0.053424522813409314,0.23589744813136765,0.05200602210725717
2023-05-01,0.22657798569891735,0.1280949727053926,0.051106489510514,0.22020392422020368,0.04858458745365194
2023-05-02,0.21415417315918645,0.13467448808142496,0.051072294001449026,0.23375644233661946,0.04971110891870357
2023-05-03,0.22197042084573854,0.13831376179589316,0.05328774077714912,0.24557385030101792,0.049520986758789375
2023-05-04,0.21775837722966768,0.13654202820578404,0.050200299420900346,0.23616957883726236,0.04754734906552458
2023-05-05,0.22330502506540256,0.14421303114179285,0.05494137299172824,0.27712495187231284,0.05198213043138992
2023-05-06,0.21566106204003127,0.1371778074363718,0.04665608686612932,0.24402784287340035,0.04853451914681028
2023-05-07,0.21352735262557593,0.13215471731977696,0.04595261299550199,0.23455460152660718,0.04800824612508186
2023-05-08,0.19951042488773713,0.1236566930049906,0.03560331214898188,0.2261672843851929,0.04320515469815738
2023-05-09,0.1968362892302798,0.12326013555566384,0.03723008296314603,0.2260138807108149,0.043311119491252596
2023-05-10,0.20062268838931568,0.12284658122859149,0.03744259012618595,0.22384961515316465,0.044404130854546635
2023-05-11,0.18799685990628262,0.11590960776769965,0.034655592441653255,0.20782755774108336,0.04149487351988027
2023-05-12,0.18966147575838072,0.11372229069823281,0.03556911663991694,0.2118510281198605,0.04423448837672477
2023-05-13,0.19421848063461894,0.11348867635930893,0.03390327304344187,0.20769643402274524,0.04406032230534617
2023-05-14,0.1961431192252689,0.11512594042753627,0.03441376704279425,0.2092271053429549,0.044402864865906146
2023-05-15,0.1986998415143491,0.11805341806665992,0.03456032182432728,0.21517687601276886,0.04462056859540795
2023-05-16,0.19475633128632613,0.11631022352159726,0.03622862225620618,0.21747022047443604,0.04329402092516343
2023-05-17,0.19971647219132677,0.12035591680187618,0.04155837178857033,0.2166808795462079,0.04486830095790607
2023-05-18,0.19122754724789254,0.11402635807725997,0.03822422776021636,0.2096554939432173,0.041955508118377956
2023-05-19,0.19032413060565884,0.11467339583020553,0.03817782086925545,0.2134457702887968,0.0419602632952226
2023-05-20,0.19354529945770088,0.11734842946995028,0.03852711006855555,0.21619872936942103,0.04169952367138805
2023-05-21,0.1858151661061816,0.11315072431899958,0.0347948131145365,0.21063363939375684,0.038963575549935146
2023-05-22,0.1908403126958202,0.11423937542954482,0.036885689235872654,0.2151715935757727,0.038690824472902056
2023-05-23,0.19865728826686863,0.11842244013766207,0.03655838416374135,0.22803011023168002,0.04071903090823651
2023-05-24,0.1847621412043851,0.10846988455454443,0.031358082558987393,0.20908716336285732,0.03740226418131431
2023-05-25,0.18256208231852938,0.11004937232974193,0.03170003764963769,0.21113001807019455,0.03755200593526354
2023-05-26,0.18651163958698375,0.11276492355866968,0.0319662858122888,0.21906445143979209,0.03798220277028961
2023-05-27,0.1878059302037715,0.11443013756321546,0.03611626298373816,0.21991198437557374,0.04226527392425867
2023-05-28,0.200058689886854,0.12802881797711974,0.03838788939567253,0.24775928820695087,0.04377627768330703
2023-05-29,0.1955400389244633,0.12423325589899115,0.03734244223561409,0.2415348308133411,0.042917991421174646
2023-05-30,0.19531495464173748,0.12374691391574527,0.035329748076461776,0.24430870664045784,0.045619804165992685
2023-05-31,0.1864756372999707,0.1183546489962558,0.03361747939024479,0.2349224551029065,0.04388120035160673
2023-06-01,0.18296505037394645,0.11388966303351677,0.03320713328146452,0.2307594261467169,0.04257684607978494
2023-06-02,0.18749775510622874,0.1186890227465135,0.03594284680178991,0.24648285546732657,0.04563401566042615
2023-06-03,0.18620671197411715,0.11674007652347829,0.03608696294670011,0.24130253138640873,0.045221079499790755
2023-06-04,0.1833384551205876,0.11723091318813056,0.035598434875735996,0.24063984114519138,0.04790604070069338
2023-06-05,0.13147550894033927,0.10204953762928726,0.0211919888384694,0.2131801574285505,0.040848045957919625
2023-06-06,0.1399268078544224,0.11856829909495226,0.030473858397761983,0.23853943343477596,0.042157008737170425
2023-06-07,0.09937199525430507,0.1085947756048854,0.02296775307078941,0.2203578816984602,0.035016917718839934
2023-06-08,0.10443040056631653,0.1104069613276521,0.024594523884953562,0.22521077988621802,0.03613067894472886
2023-06-09,0.10180234559659135,0.11009593373809756,0.028314609457076673,0.2230901370340837,0.029939353779109064
2023-06-10,0.06212289809003951,0.10306771388088748,0.009680013385567315,0.19243543094078414,0.022963586542421872
2023-06-11,0.055425660834436175,0.10406114756591073,0.00901318276001839,0.1927950626595008,0.022569690387772436
2023-06-12,0.04737609817123778,0.10364034938336791,0.008700536805796744,0.18899584025126676,0.021104323975324142
2023-06-13,0.07093220419410962,0.10382164213970663,0.009345383304176613,0.1877775143185993,0.020381838153210048
2023-06-14,0.059343639113970836,0.09495108292039173,0.006082068930575751,0.1568862487685318,0.018230255721252586
2023-06-15,0.056970287726862356,0.09999734464695553,0.008808009705628256,0.16212114383164294,0.01933474203646153
2023-06-16,0.06216984664005576,0.10838771479640608,0.010271127983726619,0.17997122264645488,0.021555776296456997
2023-06-17,0.07225328655947566,0.1104344312494514,0.010552026164896755,0.18364784139602192,0.022941003312131204
2023-06-18,0.07129315091763977,0.1084854632075744,0.010429894147155588,0.18133528419979644,0.02208183703350485
2023-06-19,0.06912103159822186,0.11423660443663891,0.010854908473235919,0.18729655695016617,0.024651033608513083
2023-06-20,0.07787459854720413,0.13073049242267626,0.012574502168712282,0.20630229665876482,0.02692633169258247
2023-06-21,0.08083199325598217,0.14971947406030994,0.01906937404347217,0.2408121167517408,0.029442947282075423
2023-06-22,0.06524807017523232,0.1484346061056494,0.018920362426535275,0.23450803940050474,0.026956236814491906
2023-06-23,0.07216955184683477,0.15718378710814968,0.02510257924768286,0.24145942828525185,0.02900782544246023
2023-06-24,0.057665585394247265,0.15554414478616846,0.021604791782653565,0.23559571021811604,0.026997690223024083
2023-06-25,0.0617631271799266,0.1547796562079285,0.021658514583483945,0.2441270589682702,0.028286798595059844
2023-06-26,0.05670164235658426,0.15244340372448067,0.01673669072205783,0.22979325138001533,0.025448274515957832
2023-06-27,0.05919394686773527,0.15710218463989756,0.01868099386307992,0.2403571029650063,0.026863271563290207
2023-06-28,0.04664023494095865,0.15037801034287285,0.011492420862965785,0.21881370608367184,0.02430216882419372
2023-06-29,0.051377643190067934,0.15438966622997707,0.013458708131157127,0.22727864096868983,0.03233027367937865
2023-06-30,0.06447262122657332,0.15474603337274762,0.02096237482150637,0.2555327776493615,0.03608149065438116
2023-07-01,0.07803053380277408,0.15600644240577427,0.02584514409940214,0.2525234925735325,0.035217739026654614
2023-07-02,0.07527568695289155,0.15634930368548383,0.024770396902305425,0.25701573663541305,0.03833284302648279
2023-07-03,0.07550373876471789,0.16233340468821889,0.025539804955659134,0.26328023830947694,0.037470558092912866
2023-07-04,0.06836797909560521,0.15810109485420726,0.026976052733951927,0.25673487286835556,0.03707672755352833
2023-07-05,0.06210822841788166,0.15515840948236392,0.022315581563150166,0.24764546020974504,0.036468172989612836
2023-07-06,0.04970250100833007,0.148401725111089,0.01741328499348921,0.226025510592266,0.0394490281574516
2023-07-07,0.05576023574275141,0.1532380677609005,0.018387884300013813,0.23369126388013567,0.046553015341200175
2023-07-08,0.056982577776628074,0.1526825818680581,0.019208594716355415,0.23192437390554504,0.04806911393258207
2023-07-09,0.05320485724043361,0.15132743542402854,0.018412307063805977,0.23104152532242667,0.0460039699628293
2023-07-10,0.07457179464933789,0.154044688522615,0.017943324483387535,0.2371649774086358,0.045861391851918794
2023-07-11,0.07945959503362171,0.15635133283776925,0.018050806482609677,0.23639012058184844,0.04901480744700682
2023-07-12,0.07116952253548597,0.15378971353758986,0.017523205629334404,0.23421865557377614,0.04854803589138008
2023-07-13,0.09404808007446136,0.16590383995687547,0.030801163469893283,0.28112098765894916,0.06493152682363801
2023-07-14,0.07882347997490369,0.15314649408195552,0.025969714753766138,0.25768183490049884,0.06780513577085526
2023-07-15,0.08415898531557425,0.152719062971512,0.03426966909666507,0.2549316874395661,0.07045864024181958
2023-07-16,0.06866870737483899,0.15219765810952784,0.028473375620505642,0.2522149812128424,0.07042920600592886
2023-07-17,0.07178069355242434,0.15104429231426714,0.029330720182535297,0.2480147195958901,0.06835980090367891
2023-07-18,0.06428026375062701,0.14781215818738835,0.02610160131799938,0.24311261806353185,0.06298404260301885
2023-07-19,0.06592393892567555,0.14845295575158524,0.029951153016513438,0.2401144090652753,0.0663345201372148
2023-07-20,0.06880871315816128,0.14709108910428786,0.03082314759706209,0.2407988254586539,0.0622987027402822
2023-07-21,0.0707458937585948,0.1483950921831883,0.03761112903488825,0.24118653077398694,0.06298308539209557
2023-07-22,0.06568530479309415,0.14686528591072073,0.03062041317929501,0.2317054935725948,0.05889858146860572
2023-07-23,0.06830017385521192,0.15035894067515831,0.034005859570637065,0.24017852251430022,0.05983657097898667
2023-07-24,0.06186077568467124,0.1402196594440991,0.039987780610640455,0.22650208012996836,0.054229870104200474
2023-07-25,0.059773510900196336,0.1407835237721845,0.058495358291772354,0.2292031520471956,0.053816370424231215
2023-07-26,0.06189039498456228,0.14220877415484878,0.049000981569439606,0.23423475848655445,0.06149689192262312
2023-07-27,0.0647093236656835,0.14059695085613533,0.04803369817278422,0.23011582083916277,0.06118235550101186
2023-07-28,0.06742147729029763,0.14180966390103394,0.047445040410028755,0.23513686240452952,0.06016051740152915
2023-07-29,0.06852108679986224,0.14223050572126034,0.05444796764751794,0.23734381346113193,0.061464192362373125
2023-07-30,0.06842864546882244,0.14131882723638162,0.049252561514790905,0.2305648279838292,0.057789505944575124
2023-07-31,0.06585025461819616,0.14081391741878213,0.04865900828000852,0.22865190418647613,0.055603761117932506
2023-08-01,0.07756376387169384,0.145792060721313,0.04920615462382974,0.23410640378760955,0.05672805938342038
2023-08-02,0.06470170887402898,0.13994085828385167,0.03985343721100337,0.22269386905878136,0.053275662044224355
2023-08-03,0.06574177183267849,0.14023936185822522,0.03839276666891847,0.22131425839654012,0.05121291110177977
2023-08-04,0.06650224315804665,0.13907098469982082,0.03790669543335817,0.21872356385235175,0.051850629721083445
2023-08-05,0.06922374729888364,0.13871389753527164,0.04345139076538557,0.22126241383344153,0.051197348704833605
2023-08-06,0.0689288141000634,0.13871086471626437,0.039982903337394265,0.2186360202392313,0.05343744612914383
2023-08-07,0.06709208156012975,0.14026056977243406,0.037921345451877225,0.21845343536047973,0.05296416708312741
2023-08-08,0.07324278954118446,0.14679478923293393,0.04174157891457245,0.22852802251885845,0.05759015905036
2023-08-09,0.07093791528785054,0.1445158766656804,0.04254274384036805,0.22800114202879823,0.05826508538458456
2023-08-10,0.0661104453300933,0.14304236300500173,0.04373716621980184,0.2267642849663462,0.05921426036777055
2023-08-11,0.06325641021980066,0.14268625768833254,0.04340254523780129,0.22549782069653695,0.05909206930563724
2023-08-12,0.06429619322287461,0.14289013294591213,0.04603077675890502,0.22611394881165187,0.06040283843453357
2023-08-13,0.06385534717808844,0.14140378980626767,0.041245716734958277,0.22276032552421582,0.05771611720064299
2023-08-14,0.06441660211590983,0.1428061085862226,0.041118707443971225,0.22447230371422627,0.0613583510803648
2023-08-15,0.057702147592411435,0.14014628267919754,0.03167073761259964,0.21845130534556206,0.056314567422894056
2023-08-16,0.04887562422044628,0.13491178980460944,0.02268197761637339,0.21102718094996448,0.05192492163983833
2023-08-17,0.024413525964045946,0.11215340688013975,0.008031258444234385,0.16889616748119857,0.04746488997615012
2023-08-18,0.019967467482390033,0.10528315543740702,0.013036150640480693,0.16052465505047403,0.045949285429115715
2023-08-19,0.02159468126959735,0.10580427665444803,0.01431607089196757,0.16350037109119891,0.04814912595854783
2023-08-20,0.020927491141995658,0.10684743547988479,0.014491943909319405,0.16886775308219543,0.047721082848099124
2023-08-21,0.009924957068112639,0.10611635154840793,0.011314109208990841,0.16273160610707654,0.045434344549608006
2023-08-22,0.010283468178135635,0.1050831857525058,0.011485104953096764,0.1510838325307295,0.04275623049458397
2023-08-23,0.02049355999992497,0.10955150999803698,0.014364916419551566,0.16692126024973825,0.04743919195063736
2023-08-24,0.024616353778516953,0.10654345537622478,0.012552518041543476,0.16017550300515276,0.0447251593276617
2023-08-25,0.02403779758612784,0.10526205661740706,0.012669754587257442,0.15772930867298623,0.04213368058063705
2023-08-26,0.02042925420422581,0.1048240870063844,0.012142153733982197,0.1554161550725836,0.04167919837815431
2023-08-27,0.024087237740766376,0.10573153263595808,0.012882261750297636,0.15932694766221062,0.04372876451207507
2023-08-28,0.024748772765742444,0.10591537819678487,0.0135344332579371,0.15756261370552133,0.04279896533064249
2023-08-29,0.03969128962739682,0.12402667510503101,0.02074499038522029,0.1845278357591505,0.04775138938104092
2023-08-30,0.034070733519722174,0.11922162067433006,0.01939667911560347,0.17593816720054772,0.04392329447390208
2023-08-31,0.020857754208131296,0.10396401008231221,0.014382023273474431,0.15518317404087772,0.039472124730697104
2023-09-01,0.015413710090827981,0.10250339135712477,0.01453835080028057,0.1491988545290976,0.03782390787357435
2023-09-02,0.01691449594012623,0.10326386526847747,0.013671215294197292,0.1521771265877237,0.03849533730015176
2023-09-03,0.016825330089320134,0.10438956477236283,0.012887157222324586,0.15186035076915266,0.038839361993754255
2023-09-04,0.018288629887054986,0.1026339989440117,0.012916457259362607,0.1496050909742151,0.03851826404565282
2023-09-05,0.016968779326221428,0.10227167525743558,0.014887639999580676,0.15099198628747518,0.04164666092620586
2023-09-06,0.018173316185494448,0.10197288803811894,0.01396188622064029,0.15051141232172732,0.03900644161652345
2023-09-07,0.02138868995712284,0.1074128271268947,0.013878845183991323,0.15586686622918428,0.04010108950171857
2023-09-08,0.01712269890164747,0.10367558681284039,0.014049822729316458,0.15186737981838122,0.038921512305411514
2023-09-09,0.016500581621705923,0.10356413616903509,0.013453830857910992,0.15152696083422285,0.03830239754356828
2023-09-10,0.013005588221238762,0.10285530745617244,0.008378109006911633,0.14512890722481459,0.03345691093607422
2023-09-11,0.001476569692014873,0.09537535029877742,0.006265266957187238,0.12237838828928022,0.03139419087140132
2023-09-12,0.010577057590193395,0.10286778783366984,0.007459689336621028,0.13661395958952732,0.03216583410609138
2023-09-13,0.013601081725947373,0.10728021220656414,0.008263311097820497,0.14204379361791292,0.03408086578863433
2023-09-14,0.012941030465521641,0.11075837559333884,0.010197850592960106,0.14866950322173272,0.035842643370695086
2023-09-15,0.01641357142883143,0.11152940982411241,0.011372745680628737,0.15378767346734984,0.037180399672073434
2023-09-16,0.0178538588782578,0.11107795616887056,0.010383487256194673,0.15154766457922358,0.037065156108576795
2023-09-17,0.02061553664418314,0.11069708646678267,0.008842205214693255,0.14724648285546732,0.035815617600998405
2023-09-18,0.019768167108170587,0.113155808109134,0.010061059457309535,0.1522893783738904,0.03915706338696665
2023-09-19,0.021982727692838766,0.11825923520115783,0.011753791752370929,0.1544522381216949,0.0406907237110135
2023-09-20,0.01675814075119303,0.11737548483375582,0.011560811881095978,0.14724435284054954,0.04177840865868609
2023-09-21,0.010209335941735453,0.1110707123134001,0.008424515897872548,0.13377937833725412,0.03843595162569404
2023-09-22,0.010864180028456294,0.11120404725550936,0.008876400723758227,0.13690670883982597,0.03827031553875269
2023-09-23,0.00978122787563579,0.11120206174090747,0.008817782450901118,0.13711242568058452,0.03841503965479764
2023-09-24,0.005602275008592561,0.10759861456463982,0.006951633973891702,0.13257413069618168,0.0380118840283541
2023-09-25,0.008888085603024176,0.10806394500325284,0.007479234827166975,0.13518084295255167,0.038132693310203004
2023-09-26,0.01311645062914829,0.10715649937367921,0.006599897038577912,0.13695868120381965,0.03659129810434065
2023-09-27,0.012395341057699627,0.1086698324206039,0.00636785348438243,0.1383804235611344,0.03702327813068348
2023-09-28,0.01806567326670333,0.11614149841812305,0.008761602814667091,0.15771103314499174,0.0403727289789698
2023-09-29,0.0184389100399992,0.11491460312606838,0.010456764646961186,0.16296710055638547,0.041761078509309026
2023-09-30,0.017598399415587107,0.11554237484172342,0.010366389501662188,0.16409012962163178,0.04619071872618324
2023-10-01,0.023516884246740255,0.12689050718268635,0.012936002749908582,0.18595332694272054,0.056071335495623924
2023-10-02,0.01748213386506975,0.1218303250350678,0.010168532357141047,0.16146079660683504,0.05419024620364262
2023-10-03,0.015056654749797616,0.12070418915434683,0.008522225151821577,0.15903820283995734,0.05492276730156525
2023-10-04,0.015014717404583378,0.12483102670720053,0.008771366460549795,0.15595057581545274,0.05327187951718885
2023-10-05,0.009999677211221358,0.12054704985585707,0.0073912983184910575,0.1432610119428232,0.051448022175087905
2023-10-06,0.015276055934340116,0.12647546917437308,0.008619925306380227,0.15525031211108592,0.054403750556190685
2023-10-07,0.01309080669842988,0.12672394214454819,0.008690764060523659,0.15129973084279486,0.05384866857344885
2023-10-08,0.01154142056121965,0.1263469125586133,0.007598919108894653,0.15096378488996381,0.053683233192023665
2023-10-09,0.0009568881571596077,0.12242120108927512,0.0021543716674394253,0.1322088331377837,0.04911786201011755
2023-10-10,0.006141637420407575,0.12026896871738835,0.0027552499114811835,0.127988378979411,0.04906411152899844
2023-10-11,0.0023924723529171743,0.11448562287785852,0.0013996045332143325,0.12747947581525682,0.04866871394269919
2023-10-12,0.0,0.11318393259618664,0.0,0.11818179029798653,0.04580672275709106
2023-10-13,0.0014800691367090613,0.11436335008853105,0.0012237406152528774,0.12253605199349366,0.04797055980469934
2023-10-14,0.0025181164152147106,0.11435588804464275,0.004792375933816012,0.12364140193492251,0.0486861135670626
2023-10-15,0.008280246057434604,0.11768430872029068,0.003549089828017188,0.12462308321022558,0.048323114482739064
2023-10-16,0.01760327064260142,0.13287513183762406,0.005415238305026826,0.13944240639883737,0.056664134676520005
2023-10-17,0.011767540679574806,0.1317164640638112,0.0029872934656769434,0.1271949910228391,0.05656845990085003
2023-10-18,0.009671933218949103,0.1307400272565335,0.0018954576134380952,0.12660531769300293,0.05443485219175422
2023-10-19,0.010851889978690632,0.13511317771422626,0.0024083993488039357,0.12789904615375963,0.0605290667653191
2023-10-20,0.012974065223434084,0.14587268134168507,0.0050512899878170925,0.14088459689936278,0.06901102854810948
2023-10-21,0.016652345539200475,0.14850309544999257,0.008038592552884138,0.14948265771674157,0.0785323129686182
2023-10-22,0.022966911518612576,0.14934635004705343,0.009035166887187446,0.16139182672379765,0.07711762469900302
2023-10-23,0.042424803862423976,0.18389162040181273,0.022442590854137245,0.196971468109374,0.08850770133890609
2023-10-24,0.036535714366701444,0.19299945952547032,0.021150459220754425,0.20362124688176458,0.08162967768859408
2023-10-25,0.031099397023282738,0.19971665179312587,0.02555935044620511,0.2046542615165859,0.09098492461112911
2023-10-26,0.03303705354819475,0.1958494802762798,0.03412309611635103,0.21046191759108596,0.09224938480189052
2023-10-27,0.0353118605727169,0.1930918841392446,0.02438691219394032,0.20208844554663724,0.08805730272173315
2023-10-28,0.03769363862264885,0.19510017761191772,0.027122607515484953,0.20089244217030794,0.08770770459033547
2023-10-29,0.0402152264870001,0.20011502020632027,0.027997058931437446,0.20749791663240885,0.09244007048113856
2023-10-30,0.042304926884982164,0.19971154618414966,0.028707866910714863,0.21257301797638867,0.10110000402067185
2023-10-31,0.03891530876314425,0.20155947116974976,0.025354177391814947,0.21479615714636618,0.11549665701225531
2023-11-01,0.04177777053626025,0.21015544026528044,0.026731806897250632,0.22548572221180402,0.12740366614794196
2023-11-02,0.04860826664581558,0.20458085710388868,0.024516360121550507,0.20926898143623834,0.12232856471050566
2023-11-03,0.04655879586403705,0.20228049661516673,0.025029310956306727,0.22049718467408258,0.11954485639564705
2023-11-04,0.059124097951640586,0.20618899301834154,0.027313130551356063,0.22918802894127938,0.13098565749504087
2023-11-05,0.07172470243731843,0.2058221310126755,0.032552504938421156,0.24191158785199668,0.1265013713416677
2023-11-06,0.09064488410721022,0.20568825059952178,0.045148991234302494,0.24389369453387905,0.1301033406070685
2023-11-07,0.07552773095754073,0.21022591512422545,0.03815583674208642,0.2398060255054802,0.13400466986928083
2023-11-08,0.07686339900839173,0.21259103393534645,0.04295065131252526,0.24022414743383896,0.1343986393586381
2023-11-09,0.0849133256138383,0.22418508644199647,0.038016616069203174,0.3209221908106555,0.1435248581288936
2023-11-10,0.08412718236219396,0.23112068531585622,0.042860276167226236,0.30617030389434036,0.18884967536249433
2023-11-11,0.08474960759326872,0.22915546223685412,0.050095256058301285,0.29724477458350324,0.1866593606256374
2023-11-12,0.07781144056936468,0.22822231401166526,0.04905716120567363,0.29461804018690624,0.186867538562564
2023-11-13,0.06624364819293016,0.2220539528901096,0.04124327809833522,0.2981352060197288,0.16967884025775792
2023-11-14,0.06794737383892974,0.21127688509501896,0.03556423936667075,0.2715383487459792,0.1896369504691169
2023-11-15,0.0890313321520888,0.23745046222889027,0.045087934324822304,0.2999300417900406,0.2248316045016904
2023-11-16,0.06885594166375308,0.21817098453181577,0.05222276632532549,0.26519699613368214,0.1938178316375834
2023-11-17,0.07250057131934079,0.22310771567265075,0.06938691001008646,0.2653362991093044,0.19602167083845307
2023-11-18,0.07287741951956095,0.22298505014417125,0.05492428433658611,0.2660357534080025,0.19641340168936072
2023-11-19,0.07588089491607114,0.23193147347635046,0.055395705553627356,0.28345671941748,0.20807274021809274
2023-11-20,0.08881069916301404,0.23294146766228369,0.04880800169816463,0.2866096526993636,0.18840440245542667
2023-11-21,0.039000555235892964,0.2143620693225186,0.03473863347830247,0.256886061327219,0.17005693857245183
2023-11-22,0.05670592567688987,0.23244303804069244,0.0436907593288407,0.30133184720772505,0.19267310000666077
2023-11-23,0.05235619990877366,0.23084869163424365,0.044706888253080085,0.3005589925949605,0.1886696425144892
2023-11-24,0.0507694397022303,0.2356597026087502,0.04963360758653315,0.3071691956901789,0.1897505343523837
2023-11-25,0.05359304364146278,0.2365144339165866,0.05143625141804914,0.30830722006044636,0.1977642115687331
2023-11-26,0.0492030322660279,0.23296564293897443,0.05082315269272081,0.30093430122347203,0.19289222411366158
2023-11-27,0.040716150998295064,0.2304526360182778,0.051028325747110914,0.28841675735560174,0.18245819276115183
2023-11-28,0.04488368167785667,0.23689752914053597,0.05645334589680098,0.29606670593278167,0.195124949469974
2023-11-29,0.0405717219168793,0.2372036911283738,0.0554372169725616,0.28929334369486187,0.19939783095927593
2023-11-30,0.041197450623745246,0.2355755255171682,0.06233511904623251,0.297189734998028,0.19936340224380972
2023-12-01,0.04277866770989319,0.24647870621773932,0.063409866243329,0.30925882552511036,0.20163944911384327
2023-12-02,0.04416425183986106,0.25527697961424156,0.06932583490182576,0.33667629234608104,0.21794510490304161
2023-12-03,0.04195775397576812,0.260885600168808,0.06770395955968855,0.34644343315122833,0.21473610159941722
2023-12-04,0.05149295689162864,0.2832471638178496,0.08315339592160972,0.36372645939463094,0.20861124855686464
2023-12-05,0.04776123305649366,0.30671293541162453,0.08878846639893609,0.3813939959309898,0.20645900611253667
2023-12-06,0.04439095986492486,0.302979469757198,0.09029556203076267,0.3596941707540942,0.21013438728019837
2023-12-07,0.050909753436685634,0.29791016733371595,0.09287492982550138,0.40363731571430433,0.23415406695010324
2023-12-08,0.06180531648515886,0.30767313900061893,0.10643136540938805,0.40403946253077977,0.26315073393780875
2023-12-09,0.05970019053496517,0.30275089557072493,0.09927942655496225,0.3979125172201055,0.2520418380066179
2023-12-10,0.06330459057434928,0.3033509573573211,0.10723986444383371,0.40185159640784057,0.26195054582887956
2023-12-11,0.07557465151199949,0.2750221586702393,0.08912310557971714,0.35722250144351103,0.24439085109687478
2023-12-12,0.09038836081335272,0.27732779931867174,0.08778212841875033,0.3493561859509839,0.23699865079190505
2023-12-13,0.08658745995550438,0.2934201987971403,0.09411577729467713,0.3698102080027727,0.2460122120120453
2023-12-14,0.08863847049294832,0.29490854927022847,0.09857840951973851,0.3893288979038693,0.2656514937915242
2023-12-15,0.07278142275271193,0.28268480498984694,0.08575232740567515,0.3553933298327248,0.2524926225959373
2023-12-16,0.07177697014326978,0.2861519062238399,0.09564973432691892,0.35804179038148304,0.2569628284854068
2023-12-17,0.0625250822698451,0.27637200313571664,0.08597948458723431,0.34741693516924715,0.24695413843832034
2023-12-18,0.06626817230134652,0.2904352066910882,0.08338788721181867,0.3546730439881309,0.26049870388044394
2023-12-19,0.08697984569016648,0.2864916255903333,0.07914020078642028,0.3409228604873457,0.2550050542473624
2023-12-20,0.10068549082357403,0.30192719065589774,0.0818759143067459,0.3493119668412909,0.29224531433963374
2023-12-21,0.12112280774837525,0.30435026031078277,0.09063751712141299,0.3624445312165188,0.3394502945320643
2023-12-22,0.12136116192538104,0.3057885583608307,0.09111137697507732,0.39279979981267793,0.35624168854816746
2023-12-23,0.12138770171394125,0.30290236197035225,0.087115288693811,0.38670011869295123,0.39505662236477096
2023-12-24,0.10914306074254915,0.2948207938885948,0.0830434752857645,0.37157028192962643,0.41485146635816794
2023-12-25,0.11346613473987494,0.30149029016812223,0.08928187174314636,0.3739676563198778,0.4499053640683623
2023-12-26,0.16964493206360037,0.28928304093212537,0.0817269208885898,0.35962575467493535,0.41562659106161925
2023-12-27,0.2173183990471656,0.29958799262880975,0.08715681831152602,0.41102190703302804,0.3927479531289166
2023-12-28,0.21717466985468875,0.290483426331419,0.08301661388534953,0.4001428132402068,0.37283879962461747
2023-12-29,0.1993407718089663,0.284579945949056,0.0809501787265863,0.3837841282705207,0.38986520436127076
2023-12-30,0.20537230270151813,0.28522229265101917,0.07877626156860093,0.3807740763893213,0.371788615730697
2023-12-31,0.19669317594006913,0.2864319728769105,0.07712506799064492,0.3770768816956486,0.37041554297791557
2024-01-01,0.20031232963828366,0.30768129924744414,0.08335856897599983,0.4018045656784562,0.40280481249988404
2024-01-02,0.19608427256329258,0.31651369731248813,0.08135564756212041,0.4030289834537885,0.3910781758676914
2024-01-03,0.20444592970209113,0.29294467895941667,0.05897655225408646,0.3524006588732545,0.3586325544123365
2024-01-04,0.21717651756148731,0.30782194350154923,0.06407914460489139,0.3727379561075494,0.38487103356350877
2024-01-05,0.2058935239920388,0.3076294576793781,0.060762089231679556,0.3726015499522152,0.36423532609067155
2024-01-06,0.18817787918141998,0.30569128996418155,0.05561065135329063,0.3631712071058661,0.33946205896308906
2024-01-07,0.17918049892170912,0.30517632166052205,0.049653153077079126,0.3566247340569874,0.3209202658238034
2024-01-08,0.182134142225775,0.3389962246203505,0.057335131421403535,0.39507090691860364,0.35537862395086167
2024-01-09,0.17566806428888643,0.32971544935675545,0.05218857081626052,0.39918694774570723,0.36193002253193457
2024-01-10,0.18322843257940452,0.33516754154040196,0.06117489217586369,0.4819920444794827,0.3725492278814406
2024-01-11,0.18984199111348216,0.33227205032332574,0.06528577836622138,0.4950843089724663,0.3639546471457497
2024-01-12,0.16769504148003783,0.29300044791900287,0.054101117084840694,0.46187558719186245,0.3308139361712381
2024-01-13,0.1779636440171128,0.2928799642747012,0.056243277370383926,0.4800706858230552,0.34703977292054394
2024-01-14,0.17213664866804274,0.281193574429644,0.053935016812761694,0.44365211676196487,0.3405767465221295
2024-01-15,0.20610813793623978,0.28918882717332517,0.0567366827145942,0.45730517158249967,0.3420219497496456
2024-01-16,0.20181305949646683,0.29637167716222046,0.0571885584410895,0.483942030536405,0.3547167897918458
2024-01-17,0.19054630335039907,0.29176585057580035,0.05522227117289835,0.4632398191463973,0.3726729859904887
2024-01-18,0.19826585438116334,0.2752257721017176,0.04907181122419266,0.44182959079772205,0.3410535610730077
2024-01-19,0.20011445703749947,0.2792066197842304,0.050412788385159724,0.4496746061410715,0.33755359652647926
2024-01-20,0.20499469862124392,0.27973367572623525,0.0732559890003657,0.44272658267989445,0.3342497367081354
2024-01-21,0.20748680716349205,0.278395351609217,0.0668685809260472,0.4372559375656843,0.3272828468308174
2024-01-22,0.18385256553948998,0.25562368101010413,0.05482167961061016,0.3873213162435704,0.29803921942490674
2024-01-23,0.1709487971610713,0.2594016134640756,0.049479718696350095,0.3628436108115127,0.3006767678073355
2024-01-24,0.16120191983455295,0.26198801896851553,0.051585244836205246,0.3603573721988919,0.31871722944499836
2024-01-25,0.15905135709445078,0.2603875632863688,0.048939906461178656,0.35482546785564667,0.3112590433418661
2024-01-26,0.17813004961120754,0.2814237195727251,0.05374695061229445,0.37209639561431623,0.3337338308982615
2024-01-27,0.18456410063025558,0.28481065838202335,0.05433560837504989,0.37233589449167065,0.34069846669824416
2024-01-28,0.18300603587020398,0.2838671243881479,0.05108940085537189,0.3686097315951162,0.347881315710962
2024-01-29,0.19352335094057932,0.2978608131136126,0.057137274276882394,0.38949819148953385,0.3706617932073712
2024-01-30,0.18756919976910386,0.2941113324293205,0.05331216354094126,0.39907056373060007,0.37028261417066716
2024-01-31,0.17452131026040268,0.2899779274050915,0.050969707474253834,0.37745142351878974,0.35229572546693594
2024-02-01,0.1741999212596948,0.29548722859188153,0.05234489834306663,0.3848778483304985,0.3556062857617427
2024-02-02,0.17599622821452204,0.2967170257898928,0.05211528432610363,0.38634824022853526,0.3661040488350796
2024-02-03,0.1733941531222059,0.29455416764205977,0.05069370476511062,0.38216054569959784,0.35574100547975085
2024-02-04,0.18256303416748615,0.2899888368259808,0.04968490994952102,0.37989489143186156,0.34601546459932375
2024-02-05,0.17544409982846282,0.2908276403793188,0.04964094169518296,0.3831553478667942,0.34630565389793494
2024-02-06,0.17884953544031817,0.29558663523502504,0.05024181083983456,0.40874023505311013,0.3516172790667355
2024-02-07,0.18788448573826516,0.30936693568789475,0.05424279459312781,0.4267278702313119,0.36828451356275826
2024-02-08,0.2085017581070166,0.32035211159586996,0.05367366412213756,0.4253882612492264,0.37559522742816276
2024-02-09,0.2176210310243129,0.3409701315983805,0.057845625420755914,0.44898260689458563,0.39238183538964955
2024-02-10,0.21632130926935994,0.34794186247422565,0.057525654457274644,0.45376806881004667,0.40127815371057435
2024-02-11,0.2120164323844434,0.3537804099834554,0.05690278298667342,0.4559814099114024,0.39465616854335267
2024-02-12,0.22514763667242227,0.37237276871523695,0.0597166602704019,0.508518994663631,0.41285836794927755
2024-02-13,0.2195033403319428,0.36996222307553284,0.05664874620591828,0.5029594853270514,0.4152322819167731
2024-02-14,0.23670885009283188,0.39324593825350684,0.06752808654233644,0.55032224143685,0.4330279445802511
2024-02-15,0.27425604395392117,0.3944955469598531,0.06707131534381425,0.5665417086315105,0.4197655710938636
2024-02-16,0.2855937968339432,0.39697163640026023,0.06867610203080934,0.5593221508686157,0.406597992366652
2024-02-17,0.2709485927935012,0.391417213848672,0.06276502884433954,0.5533829024724957,0.4006813790165696
2024-02-18,0.2650258526376001,0.39655096913076815,0.06660722823542303,0.5856027861276729,0.4135946484159068
2024-02-19,0.2689285453427109,0.3927147367315641,0.07713727937254108,0.6081388551612861,0.41080471823004694
2024-02-20,0.27453695137840745,0.3983643767086744,0.06899365255644829,0.6325427768765921,0.39855911888858025
2024-02-21,0.31797093909949997,0.3933854042901559,0.06526135560242924,0.6174848494168914,0.38506401963674985
2024-02-22,0.3243418881318237,0.3874176455999131,0.06397655807769645,0.6177123350101095,0.3710791680476911
2024-02-23,0.3120663960560082,0.3810162592481615,0.06481925262120683,0.6004903975945486,0.3641378140875843
2024-02-24,0.32385207785687736,0.39039063734298696,0.06902540942889021,0.6251730956622927,0.3810504033576829
2024-02-25,0.33634453550372817,0.3922019066743989,0.0688861705572264,0.6671595237184402,0.37829817493109136
2024-02-26,0.36036494784861556,0.4233603473140689,0.07692231537409708,0.690295745755285,0.4044635663966058
2024-02-27,0.3481672834227973,0.45199190424967106,0.0971519344867188,0.7131629895083134,0.3982695162676318
2024-02-28,0.3862853067023912,0.5125335609242173,0.1433439160456759,0.7624338129814525,0.43738223531468906
2024-02-29,0.3569428828755738,0.49793937403532085,0.14481679796965677,0.74715393796732,0.4683811096539419
2024-03-01,0.3716794084247535,0.5118168556094725,0.19946264096047636,0.7796560911994004,0.48569866090012964
2024-03-02,0.3775048360226006,0.5072278731689055,0.20572546018165014,0.7751178814155943,0.4845240704639551
2024-03-03,0.38373407154259137,0.5199354284468866,0.23434049511166186,0.7991780187231718,0.48756225793443236
2024-03-04,0.3922735004718511,0.5776130566742015,0.3053566145725355,0.8478400839328117,0.49866664571095237
2024-03-05,0.34755468463242384,0.5270160789808908,0.234587197783767,0.8215027050763453,0.46836165665775914
2024-03-06,0.4105776119022329,0.5527725671353215,0.24400099030485436,0.9137251941657698,0.4887406154587565
2024-03-07,0.4954858983157117,0.5619182401306233,0.24480705070267691,0.9329615292893665,0.5423088559691787
2024-03-08,0.5189767466939277,0.5772743409744299,0.2624572474242174,0.939143173383129,0.5474171510112125
2024-03-09,0.5216694714016001,0.5794950626906599,0.29600881083051656,0.9472946552728476,0.5448561486248741
2024-03-10,0.5947149202575939,0.5853142350683902,0.2736272586870787,0.9353504688205434,0.5444835156757744
2024-03-11,0.5825016903017761,0.6199910948579165,0.30304835401491304,1.0,0.5616266075117521
2024-03-12,0.6102934401957361,0.6128122595359085,0.26928921531516214,0.9699275973849211,0.5707914389355416
2024-03-13,0.7803636527741231,0.6307109536498635,0.27176599658270584,0.9790652761815684,0.6226943794616377
2024-03-14,0.729775680275951,0.6118661072810195,0.29172692889605323,0.9360300287799095,0.6746603106420399
2024-03-15,0.7844760881964206,0.5896038193620707,0.25728872089068633,0.8844086060441132,0.7000968014283655
2024-03-16,0.6816813280801348,0.5439284305334007,0.20632878616170539,0.810298826608862,0.6957082054895483
2024-03-17,0.6712424565620227,0.5782856879285534,0.23554714707177257,0.8520206216116255,0.7776368147458711
2024-03-18,0.640917444656212,0.5688791488609463,0.20951637540852627,0.8085975410937387,0.7528241167038042
2024-03-19,0.5538040601565182,0.5059200081550103,0.17301173224439612,0.682836092710859,0.6476918500896689
2024-03-20,0.6448499246345591,0.5729575267662096,0.23031022952011135,0.8069950030702036,0.7348418287880591
2024-03-21,0.6385159857293206,0.5458976246416064,0.23789693724710984,0.7998751300054605,0.6849442760239973
2024-03-22,0.635819565608051,0.5267654241265377,0.23157304291767508,0.7442812294480186,0.6652868072369762
2024-03-23,0.6360047842168213,0.5299318180831375,0.25371520829887695,0.7452953721506683,0.6593719847976534
2024-03-24,0.6655717884063284,0.5653666644360538,0.28958475041172926,0.7864900310615814,0.7025606005893339
2024-03-25,0.7012254747367668,0.5958042978187246,0.2869320961268337,0.8340378428674362,0.724861083124378
2024-03-26,0.6878740573930766,0.5961285258075552,0.3043209583565307,0.8328586666089575,0.7314026625740446
2024-03-27,0.6775282431082705,0.5901799240603939,0.3234807075453019,0.8023612834174845,0.7138442647084521
2024-03-28,0.6935990369304237,0.6045864689099941,0.3960894023112742,0.8237115305460754,0.7270388306081454
2024-03-29,0.7475160171683315,0.595067170068075,0.3800537286244402,0.8064411991915827,0.7375871714715574
2024-03-30,0.7261569745066574,0.5923020246117844,0.345718125345049,0.8050934961528096,0.7463194053135698
2024-03-31,0.7369676270290724,0.6111629296481775,0.39610894780182015,0.8539202541158917,0.7806745081720011
2024-04-01,0.6809868142883615,0.5929370401829099,0.36070591323520174,0.8040764566298717,0.7389627144460763
2024-04-02,0.6338066850199942,0.5454014205418766,0.30387639853990467,0.7245800398687672,0.6928424394963476
2024-04-03,0.6546090640152857,0.5513650772898651,0.2873717786702137,0.7365177510757215,0.709340309414494
2024-04-04,0.6975815729656754,0.5796063387837309,0.29806789368184927,0.7430083325331578,0.7041173960838409
2024-04-05,0.6857024979848096,0.5721081628934507,0.29218612053241777,0.7391153468682434,0.665844521549757
2024-04-06,0.6985452920388779,0.5839325787315995,0.3127845561361048,0.7514339047424952,0.6837082388221029
2024-04-07,0.6951242349059081,0.5891433545251743,0.3449218558912802,0.7860915478707646,0.6866809654165368
2024-04-08,0.7002591800722693,0.614488732062812,0.35354909710752946,0.8704746448562226,0.6912742192263047
2024-04-09,0.6891213154731755,0.5866461444459254,0.320234481826843,0.8041229761556759,0.6573943870301656
2024-04-10,0.7427933905736102,0.602831797654156,0.3470615593414196,0.8175845000348045,0.6615376899504506
2024-04-11,0.7332709816275513,0.5969414958522272,0.33247192437693196,0.8041524555621378,0.6580530716564662
2024-04-12,0.7176508042997705,0.564938753311091,0.2850512885319145,0.712644969880311,0.5813952362769601
2024-04-13,0.6404453275736393,0.5272425585585531,0.2327088288254712,0.6295403930490968,0.5235452986734103
2024-04-14,0.6641473744380346,0.5486606754890863,0.254978021696441,0.6826000870579698,0.5718821653437285
2024-04-15,0.6378303185337337,0.5228269922724426,0.2527405907935716,0.6632869009961397,0.5201736930239159
2024-04-16,0.6102266987865297,0.5271352098570021,0.23959943318805368,0.6574658258276578,0.5111512698832924
2024-04-17,0.603964204544166,0.4988141786775936,0.21912067276670397,0.6225004381440686,0.4932903316104013
2024-04-18,0.6365416270284565,0.5237937851516541,0.2309501714470739,0.6508726628517816,0.5346375206078731
2024-04-19,0.6415268519530246,0.5274894169344365,0.24028090473273125,0.6485173775563056,0.5370581526439788
2024-04-20,0.6710130049723189,0.5403460821771329,0.2563019102022658,0.6828392451329373,0.5712694885972885
2024-04-21,0.6869005958658456,0.5395887065413127,0.2451465671567041,0.6792312554640207,0.5610533308020251
2024-04-22,0.7345217111567868,0.5609373522796227,0.2523131378308685,0.6982031279354268,0.5951385619356361
2024-04-23,0.7368428788246166,0.5561291777545475,0.24925989198368467,0.7045753657640317,0.5857089227415881
2024-04-24,0.739127988214318,0.5323302324468127,0.2282779716716323,0.6766196867736383,0.5575558673550058
2024-04-25,0.7499874649891056,0.5346181998334044,0.22837566272680057,0.6824491968011948,0.5460090628653022
2024-04-26,0.7200823864465891,0.5265035543875105,0.2196873464022904,0.6732553708113149,0.5225846911952454
2024-04-27,0.7164406123378717,0.5227480080652039,0.2193917982026012,0.7158323242032658,0.5314271586822931
2024-04-28,0.7244228176895977,0.5193306101527827,0.21690766462762687,0.7195337789267742,0.517534075830782
2024-04-29,0.7111395975241064,0.5274620561068462,0.20907425422852308,0.7030109976078229,0.517211279605236
2024-04-30,0.684823885406568,0.49166641338627837,0.18424525725214128,0.632118137102585,0.47344494070470095
2024-05-01,0.653487226033024,0.4650470773148695,0.17644602416332214,0.6172856504217814,0.5044678997058942
2024-05-02,0.6518699786643056,0.47475960381958027,0.18126284105971077,0.6237012553541119,0.5173643715974167
2024-05-03,0.7004600761932693,0.5168350146678254,0.21555691472138702,0.6639645013417816,0.541477935132232
2024-05-04,0.6983246870453608,0.5280245458478995,0.24978015872831014,0.6688622576437075,0.5510394841670617
2024-05-05,0.7098720706603392,0.529584723948123,0.25200539644806386,0.6757276365260751,0.5493314493466771
2024-05-06,0.7031488815228844,0.5198748593421091,0.2411113878943459,0.6497214323890239,0.5780236306274658
2024-05-07,0.6829858090798719,0.5106347543995894,0.22543477615208482,0.6301255507473071,0.5591309424903702
2024-05-08,0.7026379066064281,0.4978227305071722,0.20859063982836665,0.6186371022868096,0.5354969107503444
2024-05-09,0.7170120576586425,0.5186238105922054,0.23014167241262848,0.6404007427106417,0.5782160609008159
2024-05-10,0.6979130403671023,0.4934082551631507,0.21039082682447882,0.5963490521902219,0.5513707409020585
2024-05-11,0.7096656874100589,0.49341868456952087,0.20768685197781453,0.5969809850160266,0.5477180240188383
2024-05-12,0.714062893643785,0.5007323166960373,0.203551543023665,0.6029485200102547,0.5404590921766059
2024-05-13,0.7088933459682882,0.5169647495010412,0.2211455783077522,0.6101576833003508,0.5556827599670138
2024-05-14,0.6632090753310902,0.5018985337891056,0.2137811504890668,0.5863565558067743,0.5344270577158393
2024-05-15,0.691403737289352,0.5545676468861338,0.23846848815594238,0.6407623340430828,0.5998155562623049
2024-05-16,0.6677650723672564,0.5429952386705282,0.22408402624584486,0.608682008965318,0.6035779509906695
2024-05-17,0.6897598381498429,0.5633301810198026,0.23855886330124135,0.6606759287099344,0.6457259858754342
2024-05-18,0.6884806651341338,0.5620893871255349,0.23248658531471952,0.6707371819749277,0.6579023881304796
2024-05-19,0.677748512155097,0.5546891341971573,0.2227894377770582,0.6529021410654352,0.6479956873633796
2024-05-20,0.7254230429698494,0.6124425610808112,0.26329016922245485,0.8595036196195505,0.7144878809821538
2024-05-21,0.7580885954693164,0.5977896378698465,0.27498044722994175,0.9032859058531701,0.6804737304790389
2024-05-22,0.7512109828363995,0.5864598115371359,0.26445041429160443,0.8851057173264019,0.6753929784093782
2024-05-23,0.7218536093818488,0.5731350448629206,0.2484513929492392,0.8989635943814296,0.6718516685265185
2024-05-24,0.7247066926431844,0.579799130069687,0.2586858776878871,0.8815170681929387,0.638709629807823
2024-05-25,0.728318455514205,0.5880641073354357,0.2834953655712845,0.8893000575018828,0.6413027450767487
2024-05-26,0.7239728730886068,0.5797096728183946,0.26458963496448773,0.9160533004708953,0.6207156700943682
2024-05-27,0.7307622437241168,0.5895008344288756,0.27159991450940746,0.9391242588506592,0.6476103327723318
2024-05-28,0.7265182291813206,0.5772310523923411,0.261516843626758,0.92106428836585,0.642165655285196
2024-05-29,0.7150673742487847,0.5692087006471709,0.2584220681618592,0.894171827621812,0.639825675988819
2024-05-30,0.7151678223092846,0.5779993374490505,0.2482828722393177,0.8884670512678403,0.6353893430149249
2024-05-31,0.7124075723167944,0.5682403804490348,0.24728627060684352,0.8930655830741177,0.6299708498782063
2024-06-01,0.7266850827043361,0.5706480460016241,0.24988520209090895,0.9116217618341711,0.6315612403883432
2024-06-02,0.7298452212409126,0.5711469992754181,0.24255986525331538,0.9003486152815621,0.6203069101523577
2024-06-03,0.7727892867048285,0.5829123296900304,0.24520028995753432,0.8952859958250003,0.627080134645457
2024-06-04,0.8824474377107943,0.602607063583836,0.2529384479380927,0.9113833705645742,0.6549187308048573
2024-06-05,0.9057263037272192,0.6083608667115975,0.25729847543717843,0.9294414666362558,0.6617220302476104
2024-06-06,0.9269625018823513,0.6047228803087942,0.2497850723991176,0.9110658279406325,0.6476916030674951
2024-06-07,0.8772360086811983,0.5889202786868295,0.22082560734427095,0.864659363328317,0.6173004032756638
2024-06-08,0.8759594112567841,0.5885090371569857,0.21534442575712762,0.8654692802006507,0.5989335635909355
2024-06-09,0.8588050773751017,0.5923320473380719,0.217090853554848,0.8741777183910686,0.6155866251897396
2024-06-10,0.7690351944192086,0.5908159869359249,0.212122622802461,0.8605024262147922,0.6028153317847642
2024-06-11,0.7289856456418069,0.5664598756845307,0.1959135511324592,0.8017384670555279,0.5643707150843816
2024-06-12,0.7595093140240134,0.5766162847063862,0.21567902854034718,0.8231265432490582,0.5876364367633483
2024-06-13,0.7234025475901382,0.5600293393601629,0.2031338446074539,0.7916007888552847,0.5558126318748621
2024-06-14,0.7301276404255066,0.5517033566128011,0.1882584159897692,0.7954363493180161,0.5387334570263418
2024-06-15,0.7386083906661354,0.5537131337667152,0.19215681321586728,0.825196662147343,0.5481140005633572
2024-06-16,0.7427385192808065,0.5587183760707352,0.19306303970304264,0.844395509008387,0.5712368816703538
2024-06-17,0.7324885617850616,0.5570566530808739,0.17340497149925352,0.8062920981473385,0.5397041306580868
2024-06-18,0.7035637756858191,0.5419804879770872,0.15730092499307005,0.7966261756510837,0.5161077697995576
2024-06-19,0.7220387160083888,0.5399646451851587,0.15741084562891497,0.8230322261884992,0.5084407573262927
2024-06-20,0.7006375680281549,0.5384940552492784,0.16248657657930474,0.8061901982336723,0.49979331384541964
2024-06-21,0.6984446200139176,0.5303115968431366,0.16153396139994938,0.8079311872268629,0.5043073352929577
2024-06-22,0.7073456395645312,0.532058544228985,0.16094772407503619,0.8005110672593108,0.5005917512665183
2024-06-23,0.6824806572393867,0.520085411165273,0.15720567257452486,0.7739180866127113,0.480032651545315
2024-06-24,0.6648072857206726,0.4876510046583882,0.14935515532149832,0.750063282743207,0.4948089004235207
2024-06-25,0.6841182853740035,0.5047120297987777,0.16672205162280715,0.7656881349734221,0.5122839900610165
2024-06-26,0.67365735335654,0.493614923232478,0.15823645151728324,0.7567710405216594,0.5124861159546863
2024-06-27,0.6890625248023141,0.5024795695456709,0.16857352278312662,0.7830574694212928,0.5644492063800902
2024-06-28,0.6627640579482286,0.48812827000345416,0.15850513831655746,0.7582223474860328,0.5250092138305877
2024-06-29,0.6676502905812893,0.4944650725835409,0.1558426930876082,0.7579891534528351,0.5262506855203047
2024-06-30,0.6908474095696597,0.514471815914781,0.1622081170347577,0.7789006175083648,0.5524861077720769
2024-07-01,0.6815194017752486,0.5164121218764719,0.16010015225827948,0.781501365722965,0.5529012285350613
2024-07-02,0.6857284778622188,0.5072185783423078,0.16394480848476675,0.7731304070961191,0.5816583766475457
2024-07-03,0.6446247283696034,0.48649486787022156,0.14795798032551646,0.7300528149978951,0.5291698083030352
2024-07-04,0.5664965180665271,0.4507891187777818,0.1147777266432479,0.646857414330587,0.4758251537376272
2024-07-05,0.5371434559278396,0.44726651041030396,0.11650464534798396,0.6214085072966218,0.5034211432446346
2024-07-06,0.5915952073061239,0.46560035950469225,0.13609672477270465,0.6520418706404452,0.5393273600875768
2024-07-07,0.5235983093258829,0.4381813192444126,0.11317781722949924,0.6031876780852223,0.4929176369057581
2024-07-08,0.5602947181929383,0.44774377575536994,0.12135807819128011,0.6343673476551561,0.5240390959987337
2024-07-09,0.5712183607856371,0.4623125218747526,0.12119199611798168,0.6501765739766534,0.5316670789685464
2024-07-10,0.5858014706794268,0.45933280992841086,0.12243526402499968,0.6635027141076086,0.5342020205155543
2024-07-11,0.5869417857296733,0.4548913228582674,0.11912554276043766,0.6628438578932432,0.5095481577312075
2024-07-12,0.6027556923157205,0.46108634660447656,0.12161211497203503,0.6746491673729087,0.5242993956143213
2024-07-13,0.6001714783891232,0.475971902306485,0.13302149479835182,0.6896693509682665,0.5340003886662321
2024-07-14,0.6230502318970017,0.4933525734789316,0.14057644565290814,0.7130093728324436,0.5570587352303368
2024-07-15,0.6988650013061326,0.5389576183617074,0.16446263659276897,0.7986751648013841,0.6068866277414015
2024-07-16,0.6813304877528814,0.5414934477909045,0.16373717859497253,0.7826082918754329,0.6093874184728886
2024-07-17,0.6672558891664835,0.5305639972048318,0.15629458701288426,0.7634977128325815,0.5892817897071442
2024-07-18,0.6728312604442677,0.5289472210290346,0.15046165939103676,0.7765866545022935,0.6033997244923099
2024-07-19,0.7127374719669983,0.5595127564622118,0.16507815575593957,0.804322430752576,0.6443309899047326
2024-07-20,0.7124990617988773,0.5645788296971106,0.18693944115475195,0.8090548126962862,0.6633768317895522
2024-07-21,0.727688667451494,0.5756481390589844,0.20095748881284545,0.8150957054042824,0.7064789280648773
2024-07-22,0.7021248040275976,0.5692886448834478,0.19536882522648027,0.7815287151145092,0.6839629804387811
2024-07-23,0.6914499859504293,0.5507714302427519,0.17707377290716927,0.7960379507313917,0.6587864187347823
2024-07-24,0.6776509756325826,0.5445653661626026,0.1714484569763353,0.745206507928299,0.6801343837678518
2024-07-25,0.6705595889221914,0.5490907684982268,0.16444552973884605,0.6887021537944042,0.655570931099097
2024-07-26,0.6895756273811446,0.572939548040584,0.18666584068467026,0.7241322255324547,0.7007930334250759
2024-07-27,0.6905129186480172,0.5718366492263574,0.18000734357201606,0.7142408622573029,0.7046325608271936
2024-07-28,0.6951195316522392,0.5767802751211943,0.17630188981963116,0.7225664089661019,0.7078730594579709
2024-07-29,0.677768556974305,0.5607388880948042,0.17287982748138206,0.7396925809109596,0.6993517207967964
2024-07-30,0.7016611975945208,0.5538250207873561,0.16535907213589054,0.7250801673714602,0.6844846912697381
2024-07-31,0.6809345185868525,0.5361547263091397,0.15661211933974242,0.7085481843880641,0.6550167986078356
2024-08-01,0.6786935301958543,0.5444018993999971,0.14982657653853956,0.6981725409212076,0.6382045312180505
2024-08-02,0.6195577301011566,0.5003599999799266,0.13095016416756164,0.6229491044863482,0.5773592027356255
2024-08-03,0.5949104412315436,0.49214943890557383,0.12279432596957288,0.594113644134318,0.5380355576299586
2024-08-04,0.5353881344692699,0.4635162237379965,0.11195897208627334,0.5183892281907985,0.5183381330063336
2024-08-05,0.4759209789553755,0.4174290260895964,0.08941377650616039,0.42444594264960395,0.48518831308916505
2024-08-06,0.5120592123959402,0.4402503127349139,0.09397655662179386,0.4389348153238725,0.5427641795909408
2024-08-07,0.49353029663840825,0.4290024816096074,0.09188568050045773,0.396312109211488,0.5449566866495897
2024-08-08,0.5726300087796867,0.5036563033204764,0.12092574795533054,0.5173261803456366,0.619015169450283
2024-08-09,0.5576682309744361,0.4943839064921244,0.1125476298490288,0.48809751923978567,0.5928154419026176
2024-08-10,0.5836018037313766,0.49511784869187425,0.11554713469660163,0.49173541431814766,0.5827053183754357
2024-08-11,0.5478008047770948,0.4702469873252384,0.10422325274233799,0.47192346396317214,0.5323891247824135
2024-08-12,0.5748291158165857,0.4773410782657782,0.12181241075317925,0.5316620327482124,0.5523312866246799
2024-08-13,0.5850895996419705,0.4913615605289472,0.11851246223389031,0.5244171704080947,0.5533773020194183
2024-08-14,0.5848818726049276,0.4704456696984747,0.10908158105766089,0.5101936975925805,0.5420886974568253
2024-08-15,0.5772770473690152,0.4572951919323872,0.10349291747129538,0.47779872671116236,0.5373225281254332
2024-08-16,0.5774573387596562,0.4721977226932995,0.10391303632534876,0.4858598107677707,0.5235002788822446
2024-08-17,0.618308456340914,0.47873141850159673,0.109570109128625,0.4933141813752006,0.533488558722225
2024-08-18,0.5988132459188846,0.46761594047051935,0.10326086481770955,0.49289899886742844,0.536679282384992
2024-08-19,0.6505712087583093,0.47889318339454356,0.1065144064460373,0.5012568366023809,0.5437894451230842
2024-08-20,0.6679058340306325,0.4735236100705039,0.11017097827327635,0.478852402490686,0.5390301306570138
2024-08-21,0.6692869108758346,0.4976802971080413,0.11787981801801597,0.49919404495541325,0.5371759822208569
2024-08-22,0.6931972446884238,0.4888183999689125,0.11580606694938353,0.49624721191697335,0.5393951676742708
2024-08-23,0.709258632003239,0.5302909998564974,0.13441621295892955,0.5456265809503222,0.5792567653188186
2024-08-24,0.688996343304259,0.531236497546133,0.13369321179653706,0.5473514670307345,0.6101153928189257
2024-08-25,0.6770481752873527,0.5329630224960767,0.126529061560215,0.5402908935813022,0.6027388166664456
2024-08-26,0.630406120635153,0.5167325097491494,0.11576697596829158,0.5166239570275455,0.5959709031500819
2024-08-27,0.603156700682109,0.47901248882138914,0.10053492404265674,0.43893575253043643,0.5541236177618561
2024-08-28,0.6083677937650143,0.47368930235497086,0.10192966040201554,0.4632559220591757,0.5419588873045204
2024-08-29,0.6080182972245232,0.4777171478226748,0.10387884081628382,0.4633875569810941,0.5264282944632299
2024-08-30,0.6056150465819481,0.47471539884613667,0.10783097904199301,0.46235083612031586,0.5185198795706691
2024-08-31,0.6011771907986554,0.4730444246673614,0.10609428759198392,0.45801361454415074,0.5074882398243181
2024-09-01,0.5639292134566918,0.454674312657937,0.09149242304681957,0.42817866599210513,0.48043789142134957
2024-09-02,0.5893281270554864,0.4746372437548856,0.10067904018756696,0.46666607594252946,0.5059831337196681
2024-09-03,0.5750727891495266,0.455853271954604,0.09482656707517348,0.4256315941534328,0.47593347296081595
2024-09-04,0.5551689555694546,0.4618915055037919,0.09801661315739824,0.43553335190138337,0.5003232999191971
2024-09-05,0.5446172619544041,0.44165980991381404,0.09871031428275273,0.4071822569416547,0.48302161984767283
2024-09-06,0.5167907975690786,0.4169519789329482,0.0844821617006806,0.3569773793267738,0.465461276682462
2024-09-07,0.5283924365745947,0.4190849452675445,0.09126526586526038,0.3745069760970578,0.4765161982686889
2024-09-08,0.5463249909651338,0.4269258078868,0.09326574864251672,0.38259839156609515,0.48569507907861026
2024-09-09,0.5748460251333478,0.45125643473099664,0.11219344517770177,0.40395230232034446,0.5060772491678662
2024-09-10,0.5728984301855045,0.4582851127838842,0.10946506576602619,0.41480523952997556,0.5085444448837236
2024-09-11,0.5962180577337266,0.4548718604514008,0.106206646864452,0.3974470663602739,0.49584497317576576
2024-09-12,0.6221054378207049,0.4636283289470552,0.10967757292906608,0.4051037883848923,0.5105950994590975
2024-09-13,0.645432568178351,0.4909340857808201,0.1202173968114573,0.43296140148847145,0.5225693140649296
2024-09-14,0.6390972854863499,0.48460915265066085,0.11619442893099499,0.42493081924548565,0.5147955880126053
2024-09-15,0.6398444309263229,0.4754232020734358,0.11000487800119738,0.39083584085789497,0.4918058518572593
2024-09-16,0.6028506532469402,0.46436000198726013,0.10209086520206762,0.3818971906551644,0.4916974091229836
2024-09-17,0.6252423960356275,0.4879987097209726,0.10561797090291572,0.398098339721532,0.491958388049549
2024-09-18,0.6491506021858426,0.5029809228920604,0.11159745330629631,0.4078772382090255,0.5018933728555431
2024-09-19,0.6623219521033523,0.5174005154090443,0.11512945447917136,0.4410385884578581,0.5376886149869287
2024-09-20,0.6666547685547066,0.5202214734626046,0.11620420167626785,0.4746524390758223,0.5527868572686157
2024-09-21,0.7041800138986745,0.5224765380357941,0.12738642432102545,0.493771452977748,0.5647675562065088
2024-09-22,0.7024351067875145,0.5253125947278653,0.11832437783464225,0.48225693313465684,0.5456510042244536
2024-09-23,0.7323026712829102,0.5217499706045654,0.12276258729591175,0.5051793868743539,0.5456968885932274
2024-09-24,0.7362602352808247,0.5326102990998833,0.12671714595946307,0.5072064794712996,0.5783868767339629
2024-09-25,0.7010877365936063,0.5196647875334643,0.12361259774929143,0.48104461384405744,0.558682103200669
2024-09-26,0.7183788007783771,0.5424303924945628,0.147237417799747,0.49947478092157566,0.5892493680468397
2024-09-27,0.7387259720078578,0.5492408821296638,0.16076453514781489,0.5217051502141901,0.5980473715426126
2024-09-28,0.7271676141343186,0.5503243185370239,0.17287251157151287,0.5152972985361599,0.594657795029978
2024-09-29,0.7177078032549482,0.5475053241792237,0.1631094298511254,0.5089485760722474,0.6016057877110043
2024-09-30,0.664223746319039,0.5217466105029315,0.13808255753144175,0.4893064305065166,0.5772792293068744
2024-10-01,0.6288817065352801,0.4939023646540698,0.12004396243072826,0.4355138409647365,0.5476189063716216
2024-10-02,0.619185613150163,0.4916209429200117,0.1144650715896359,0.40630775801701396,0.5277700571554887
2024-10-03,0.6223278345299055,0.49303541479483726,0.11529555475125033,0.40091933147862996,0.5131985896593206
2024-10-04,0.642434915857812,0.5076482349746128,0.1254689825804183,0.4236040755535035,0.5390484720534147
2024-10-05,0.6567914856998831,0.5078992825681178,0.1260136720888357,0.4238964840014153,0.5371846279969381
2024-10-06,0.6702464866065192,0.5160431652619951,0.13088177314943164,0.4323857862570926,0.5522832408118857
2024-10-07,0.6585171318674468,0.5095382266871621,0.12398143243913742,0.4260478842689622,0.5423652387803368
2024-10-08,0.6883388956306857,0.5083686931301434,0.12004640106735134,0.4323449751712681,0.539947571010316
2024-10-09,0.6697592519228679,0.4910547439758559,0.12223252960723238,0.40737276547590023,0.523439449671959
2024-10-10,0.6559045864366058,0.4876184509464544,0.11744748778206668,0.4128079671418787,0.5217107885000665
2024-10-11,0.6744929647583802,0.5118666462064114,0.1290571633895274,0.43118377623869525,0.5479882662769192
2024-10-12,0.6810842388286455,0.5202219971148072,0.13072544562262553,0.44514645002767733,0.5525176648547732
2024-10-13,0.6725930742406072,0.5164053580355205,0.13053004531350829,0.4420592916064547,0.5568568563588407
2024-10-14,0.7039277179340073,0.5520946993589427,0.14351978906302773,0.49832312445583443,0.5968137428069121
2024-10-15,0.7136310901640883,0.5632099155639188,0.14565217660329813,0.49033914693924946,0.5857871052595796
2024-10-16,0.7257926963117785,0.5695955050742225,0.16579384100846287,0.49211200095560986,0.5838185238014336
2024-10-17,0.7096871879982596,0.567217338595718,0.17528334045754948,0.48972894026560604,0.5679607500910132
2024-10-18,0.7231271832860473,0.5786003156270014,0.19373719533785097,0.50273856017978,0.5868203990123698
2024-10-19,0.7205767879929741,0.5779741148679545,0.21160235605783548,0.5052179827446639,0.605694251708717
2024-10-20,0.7344158879492366,0.58511219259352,0.20563264639972803,0.5393159431531394,0.6352407591774151
2024-10-21,0.7221228146632779,0.5668600332427509,0.20955790502624125,0.5111699260296938,0.6323148432849066
2024-10-22,0.7121109313889633,0.5667880310648814,0.1993429293805775,0.49528614918607444,0.6365371933007911
2024-10-23,0.6921358771104766,0.5564075861756429,0.19687346402290326,0.45651476564681265,0.6513999616953523
2024-10-24,0.7135679321862489,0.575721101265892,0.20539813691073808,0.4653787801268245,0.6765915917519497
2024-10-25,0.6770548942211654,0.5587559917539615,0.1785930799208921,0.43098159522270024,0.6264060111332971
2024-10-26,0.6927462922473611,0.5629148375477044,0.1940889049749934,0.44622134075578207,0.6504831388974844
2024-10-27,0.7035889716876167,0.5731320775004387,0.2110771756424025,0.45541261072776046,0.6741319302123916
2024-10-28,0.7253858648694189,0.5952339532946309,0.25220565583164656,0.47614472752721365,0.6804282166435258
2024-10-29,0.7346919241467087,0.6266557037168855,0.2880850252861139,0.5014840665938087,0.6855108831350332
2024-10-30,0.716454050205497,0.6223999822656454,0.2692940925884083,0.5082595588466463,0.6675583613912247
2024-10-31,0.6803223117342847,0.5986683262659559,0.25274794310100235,0.45885309602354324,0.6412718055494867
2024-11-01,0.6743187204081706,0.5904829441350157,0.24740598218674234,0.45748724525767087,0.6324980102267411
2024-11-02,0.6656488321807141,0.5883247115816398,0.24772595315022358,0.45022253117851935,0.6314789820044848
2024-11-03,0.6465765786421946,0.5822011227234138,0.22852223570711436,0.4381326517058394,0.6174794943516315
2024-11-04,0.6363562964374561,0.5718162267904525,0.24535661748434048,0.4174035169272711,0.5980358850115333
2024-11-05,0.6575306804015111,0.5891099280595694,0.27426232334079537,0.426345915956257,0.6343608044389792
2024-11-06,0.7096057769168957,0.6592599480881752,0.3389374780158728,0.5315703569061516,0.7162455672594619
2024-11-07,0.7214225897777637,0.6622290560774126,0.3303908210008689,0.5913914850694049,0.7542076261434266
2024-11-08,0.7205281877050622,0.6693855489054392,0.35230826783713454,0.6146724629200613,0.7687954588586056
2024-11-09,0.7690129099553966,0.6719928132226196,0.3929262358282455,0.6735972808059159,0.7698311610775901
2024-11-10,0.7762193024162154,0.713274149143173,0.5402979970276295,0.6946013579100703,0.8119982784252767
2024-11-11,0.8378377485547084,0.8051833145993121,0.7123205163445435,0.7586330995627761,0.8606779501172146
2024-11-12,0.7738366565039994,0.796853229909696,0.79219350923741,0.7137695325562983,0.818547021517982
2024-11-13,0.762821860375908,0.8262151943926799,0.8344553003002654,0.6950426970010328,0.8304973984840472
2024-11-14,0.7640691184560069,0.7889732242882895,0.741936993782714,0.648402271550149,0.8063538217551217
2024-11-15,0.7589068496254741,0.8315979899348374,0.7847875518010096,0.6637894993161375,0.8422762185504443
2024-11-16,0.7653406766800617,0.8259282329856072,0.7470713794035226,0.6743404004104283,0.83318586431204
2024-11-17,0.7580511934044258,0.8179673230988855,0.7539399632413748,0.6542347635985903,0.9211184092568656
2024-11-18,0.7599508599577385,0.8257513258164659,0.7665950314125515,0.7003683306996409,0.9300980358058872
2024-11-19,0.7536246478263842,0.8458723998786262,0.8145065975675947,0.6667012297087325,0.9232311281533939
2024-11-20,0.7355161133610673,0.8681668924080401,0.78065460868836,0.6530225295085876,0.9124093337436423
2024-11-21,0.7661721447393841,0.9146977543851671,0.8053737214264582,0.75383144953394,1.0
2024-11-22,0.7857798973027763,0.9202044809486274,0.8671885737280652,0.7435528495467372,0.9977853227012572
2024-11-23,0.818224732826496,0.9065712831270292,0.908927695807234,0.7661049362925318,0.9923613950767161
2024-11-24,0.8349579015403519,0.9092137194171568,0.9086101634803757,0.7547408807032321,0.9832187956485641
2024-11-25,0.791515739116454,0.8543458779964115,0.8193527145010214,0.7721494926261865,0.9084550027862751
2024-11-26,0.7492210586055361,0.8418678569339417,0.805376196460643,0.7417788027220227,0.8944175972297513
2024-11-27,0.806759992097414,0.8862982626507225,0.8393453854880301,0.8571981766731502,0.9402483004363034
2024-11-28,0.824030451551826,0.88283447788068,0.8405496352090793,0.8301738254054036,0.9218812137294012
2024-11-29,0.8248526250860408,0.9030438746143601,0.8987347770838622,0.834948892848066,0.9452963220679425
2024-11-30,0.8239708770053533,0.8917333361377817,0.8892867708549291,0.8741084503059426,0.921799202367717
2024-12-01,0.8269125382107865,0.9010136750245412,0.9333805967802428,0.8760137912501884,0.9190721393250759
2024-12-02,0.8116146457415552,0.8852121207069819,0.8958793883811996,0.8526436935753723,0.8732830593548004
2024-12-03,0.9769265093937833,0.8867410105880948,0.8548730220109159,0.8444472257705904,0.9074582065596561
2024-12-04,0.9797816083352628,0.9176447817065245,0.9136785967196771,0.9214393413925714,0.8868942281505212
2024-12-05,0.9340406746895775,0.8933477558786669,0.9103298026728041,0.9108572568798843,0.9066422305642211
2024-12-06,0.9664864060711389,0.9305160655732125,0.9228432115344746,0.9788396650014779,0.9189958094733877
2024-12-07,1.0,0.930545390096563,0.9672447424450311,0.9777515681808828,0.9250540282845716
2024-12-08,0.9871991992822611,0.9452096591052526,1.0,0.9788026879425054,0.9174629751297343
2024-12-09,0.8892780178070223,0.9027220903358089,0.871573023990943,0.8786400144432052,0.8392268533266051
2024-12-10,0.8655340895885277,0.8942622271752931,0.8222350373992224,0.8483286241543522,0.8249934356752117
2024-12-11,0.9294345096142762,0.9445060450955749,0.871018616333595,0.9184698449954065,0.8801254500565494
2024-12-12,0.9186698817884782,0.9318821868946567,0.8516145667117802,0.9360164818850325,0.8784251346790944
2024-12-13,0.9559340965538223,0.9477035527205511,0.8578017154025163,0.9458241781742143,0.8695640787734723
2024-12-14,0.936561058744954,0.9467395962907708,0.8306766510516275,0.9308877467654233,0.8493420408083486
2024-12-15,0.9428699136306253,0.9794236103476031,0.8509404110769719,0.9600402385378146,0.8647898812214334
2024-12-16,0.9450570385688917,0.998761300714543,0.8403444257571276,0.972442974601617,0.835153334170404
2024-12-17,0.9383715874430181,1.0,0.8217880025484118,0.937295342841663,0.8613864097115255
2024-12-18,0.8850570716036497,0.9318658664010062,0.7331265272416823,0.8437770378768625,0.7948705637196147
2024-12-19,0.8464281293987144,0.9033726409222806,0.6281607642439673,0.7736794397413242,0.7459105218604722
2024-12-20,0.8675590642574473,0.9063327595487052,0.6346262814853467,0.792742732453001,0.7456015588766564
2024-12-21,0.8403921752080692,0.9003985582371179,0.6425354716075725,0.7455146784866022,0.6933653236826299
2024-12-22,0.8136516025091074,0.8767178710518233,0.6211406937549937,0.7246849218033184,0.6887817037376381
2024-12-23,0.8949222581563867,0.8720405223020526,0.6505178208284902,0.7729317193045893,0.727573324836594
2024-12-24,0.9017848651704552,0.9166121395628251,0.6815510369519693,0.7995465965045432,0.7568562596459024
2024-12-25,0.912033254914977,0.923572961017781,0.6751880880390042,0.7999603306021714,0.7588396006789296
2024-12-26,0.8864080252289246,0.8844324898525475,0.6212970576793614,0.7434219814301892,0.7213584939672534
2024-12-27,0.8902045587797944,0.8662160261269285,0.6183170437259922,0.7426162393870941,0.7035927209867989
2024-12-28,0.946217846367267,0.8773768873489054,0.6497850651196053,0.7666908607961127,0.7488610164592688
2024-12-29,0.8963052386995021,0.8591263862301115,0.6263385567231247,0.7498040173274159,0.7275351599107498
2024-12-30,0.9153712212331298,0.8492173155986587,0.6243698126195296,0.7522047145409387,0.7327309008022906
2024-12-31,0.909574573068447,0.857997828457953,0.6296629644037671,0.7438777194219957,0.7255933803584557
